Post #,Article Title,SEO Title (Rank Math),Meta Description (Rank Math),URL Slug,Focus Keyword,Secondary Keywords,Internal Links
1,"Acrylic vs. Glass: Clarity, Weight, Cost, and Safety Compared","Acrylic vs Glass: Strength, Weight & Cost Compared | Plastic-Craft","Acrylic is 17x stronger than glass and half the weight. Compare clarity, cost, safety, and UV resistance to find the right material. Get a quote today.",acrylic-vs-glass,acrylic vs glass,"plexiglass vs glass, acrylic sheet strength, acrylic weight comparison, glass alternative, shatter resistant plastic, Plastic-Craft",https://plastic-craft.com/acrylic/ | https://plastic-craft.com/polycarbonate/ | https://plastic-craft.com/store/ | https://plastic-craft.com/capabilities/ | https://plastic-craft.com/resources/glossary/
2,Acrylic vs. Polycarbonate: Which Should You Choose?,Acrylic vs Polycarbonate: Which Clear Plastic Is Best?,"Compare acrylic and polycarbonate on impact strength, clarity, UV resistance, and cost. Find the right clear plastic for your project at Plastic-Craft.",acrylic-vs-polycarbonate,acrylic vs polycarbonate,"plexiglass vs lexan, clear plastic comparison, polycarbonate impact resistance, acrylic optical clarity, transparent plastic sheet, Plastic-Craft",https://plastic-craft.com/acrylic/ | https://plastic-craft.com/polycarbonate/ | https://plastic-craft.com/product-category/petg/ | https://plastic-craft.com/store/ | https://plastic-craft.com/resources/glossary/
3,"CNC Engraving for Plastic Nameplates, Panels, and Industrial Marking",CNC Engraving for Plastic Nameplates & Panels | Plastic-Craft,"Custom CNC engraving on plastic nameplates, control panels, and industrial markers. Precise, durable marking on sheets up to 38x72 inches. Get a quote.",cnc-engraving-plastic-nameplates,CNC engraving plastic,"plastic nameplates, engraved control panels, industrial engraving, CNC marking, custom engraved plastic, Plastic-Craft",https://plastic-craft.com/capabilities/ | https://plastic-craft.com/capabilities/cnc-routing/ | https://plastic-craft.com/acrylic/ | https://plastic-craft.com/product-category/custom-fabrication/ | https://plastic-craft.com/industries/industries-aerospace/
4,CNC Milling for Plastic Components: When to Mill vs. Route,CNC Milling vs Routing for Plastic Parts | Plastic-Craft,"When should you CNC mill vs route plastic parts? Compare precision, tolerances, and cost to choose the right process. Expert fabrication since 1934.",cnc-milling-vs-routing-plastic,CNC milling plastic,"CNC milling vs routing, plastic machining, precision plastic parts, CNC plastic components, tight tolerance machining, Plastic-Craft",https://plastic-craft.com/capabilities/ | https://plastic-craft.com/capabilities/cnc-routing/ | https://plastic-craft.com/acetal/ | https://plastic-craft.com/peek/ | https://plastic-craft.com/product-category/custom-fabrication/
5,CNC Precision Cutting: Custom-Dimensioned Plastic Blanks and Slab Cutting,CNC Precision Cutting for Custom Plastic Blanks | Plastic-Craft,"Get custom-dimensioned plastic blanks and precision slab cuts with tight tolerances. Cut-to-size acrylic, polycarbonate, UHMW, and more. Request a quote.",cnc-precision-cutting-plastic,precision plastic cutting,"cut to size plastic, custom plastic blanks, slab cutting, CNC cutting service, plastic sheet cutting, Plastic-Craft",https://plastic-craft.com/capabilities/ | https://plastic-craft.com/store/ | https://plastic-craft.com/acrylic/ | https://plastic-craft.com/polycarbonate/ | https://plastic-craft.com/uhmw/
6,CNC Routing for Plastic: What It Is and What We Can Make,CNC Routing for Plastic: Services & Capabilities | Plastic-Craft,"CNC routing cuts custom profiles, slots, and complex shapes in plastic with ±0.005"" tolerance. Three routing centers including 5-axis. Get a quote.",cnc-routing-plastic,CNC routing plastic,"plastic CNC routing service, custom plastic routing, 5-axis CNC routing, CNC router plastic parts, plastic cutting service, Plastic-Craft",https://plastic-craft.com/capabilities/cnc-routing/ | https://plastic-craft.com/capabilities/ | https://plastic-craft.com/product-category/custom-fabrication/ | https://plastic-craft.com/acrylic/ | https://plastic-craft.com/polycarbonate/ | https://plastic-craft.com/about/
7,CNC Routing vs. Laser Cutting for Plastic: Which Is Better?,CNC Routing vs Laser Cutting Plastic: Which Is Better?,"Compare CNC routing and laser cutting for plastic parts. Learn which process gives better edges, tolerances, and value for your project. Expert guide.",cnc-routing-vs-laser-cutting,CNC routing vs laser cutting,"laser cutting plastic, CNC vs laser, plastic cutting comparison, acrylic laser cutting, routing vs laser cost, Plastic-Craft",https://plastic-craft.com/capabilities/cnc-routing/ | https://plastic-craft.com/capabilities/ | https://plastic-craft.com/acrylic/ | https://plastic-craft.com/polycarbonate/ | https://plastic-craft.com/product-category/custom-fabrication/
8,"CNC Turning for Plastic: Custom Rods, Bushings, and Rotational Parts",CNC Turning for Plastic Rods & Bushings | Plastic-Craft,"Custom CNC-turned plastic rods, bushings, spacers, and rotational parts. Precision lathe work in Delrin, nylon, PEEK, and more. Request a quote.",cnc-turning-plastic-parts,CNC turning plastic,"plastic bushings, CNC lathe plastic, turned plastic parts, custom plastic rods, precision turned components, Plastic-Craft",https://plastic-craft.com/capabilities/ | https://plastic-craft.com/acetal/ | https://plastic-craft.com/product-category/nylon/ | https://plastic-craft.com/peek/ | https://plastic-craft.com/product-category/custom-fabrication/
9,Plastic Adhesives and Cements: A Complete Guide,Plastic Adhesives & Cements: Complete Bonding Guide,"Which adhesive works best for acrylic, polycarbonate, or UHMW? Complete guide to plastic cements, solvent welding, and structural bonding. Learn more.",plastic-adhesives-cements-guide,plastic adhesives,"acrylic cement, solvent welding plastic, plastic bonding guide, polycarbonate adhesive, plastic glue types, Plastic-Craft",https://plastic-craft.com/acrylic/ | https://plastic-craft.com/polycarbonate/ | https://plastic-craft.com/uhmw/ | https://plastic-craft.com/resources/glossary/ | https://plastic-craft.com/store/
10,Solid vs. Multiwall Polycarbonate Sheet: Which Do You Need?,Solid vs Multiwall Polycarbonate: Which Do You Need?,"Compare solid and multiwall polycarbonate sheets on strength, insulation, clarity, and cost. Choose the right type for glazing, roofing, or guards.",solid-vs-multiwall-polycarbonate,solid vs multiwall polycarbonate,"polycarbonate sheet types, multiwall polycarbonate roofing, solid polycarbonate glazing, twin wall polycarbonate, Lexan sheet, Plastic-Craft",https://plastic-craft.com/polycarbonate/ | https://plastic-craft.com/acrylic/ | https://plastic-craft.com/store/ | https://plastic-craft.com/capabilities/
11,Thermoforming vs. Injection Molding: Choosing the Right Process,Thermoforming vs Injection Molding: How to Choose,"Compare thermoforming and injection molding on cost, volume, tooling, and part complexity. Find the right plastic forming process for your project.",thermoforming-vs-injection-molding,thermoforming vs injection molding,"plastic forming process, vacuum forming, thermoforming cost, injection molding volume, custom plastic parts, Plastic-Craft",https://plastic-craft.com/capabilities/ | https://plastic-craft.com/product-category/custom-fabrication/ | https://plastic-craft.com/acrylic/ | https://plastic-craft.com/about/ | https://plastic-craft.com/industries/pharmaceuticals/
12,UHMW vs. Nylon: Choosing the Right Plastic for Wear Applications,UHMW vs Nylon: Best Plastic for Wear & Friction,"Compare UHMW and nylon on wear resistance, moisture absorption, friction, and load bearing. Choose the right wear plastic for your application.",uhmw-vs-nylon,UHMW vs nylon,"wear resistant plastic, low friction plastic, nylon bushings, UHMW bearings, self lubricating plastic, food grade plastic, Plastic-Craft",https://plastic-craft.com/uhmw/ | https://plastic-craft.com/product-category/nylon/ | https://plastic-craft.com/acetal/ | https://plastic-craft.com/industries/food-processing/ | https://plastic-craft.com/store/
13,Vacuum Forming Services: From Flat Sheet to 3D Shapes,Vacuum Forming Services for Custom Plastic Parts,"Custom vacuum forming turns flat plastic sheets into 3D parts — enclosures, trays, covers, and more. Low tooling cost, fast turnaround. Get a quote.",vacuum-forming-services,vacuum forming services,"plastic vacuum forming, thermoforming services, custom formed plastic, vacuum form trays, plastic enclosures, Plastic-Craft",https://plastic-craft.com/capabilities/ | https://plastic-craft.com/product-category/custom-fabrication/ | https://plastic-craft.com/acrylic/ | https://plastic-craft.com/polycarbonate/ | https://plastic-craft.com/product-category/petg/
14,Waterjet vs. Laser Cutting for Plastic and Metal,Waterjet vs Laser Cutting: Plastic & Metal Compared,"Compare waterjet and laser cutting for plastic and metal. Learn which process is best for thick materials, heat sensitivity, and precision. Expert guide.",waterjet-vs-laser-cutting,waterjet vs laser cutting,"waterjet cutting plastic, laser cutting plastic, abrasive waterjet, CNC cutting comparison, thick plastic cutting, Plastic-Craft",https://plastic-craft.com/capabilities/ | https://plastic-craft.com/capabilities/cnc-routing/ | https://plastic-craft.com/product-category/custom-fabrication/ | https://plastic-craft.com/polycarbonate/ | https://plastic-craft.com/acrylic/
15,Acrylic Prismatic Lighting Sheet: A Complete Guide,Acrylic Prismatic Lighting Sheet Guide | Plastic-Craft,"Acrylic prismatic sheet diffuses light evenly and reduces glare in commercial lighting. Learn about patterns, thickness, and custom cutting. Get a quote.",acrylic-prismatic-lighting-sheet,acrylic prismatic lighting sheet,"prismatic light diffuser, acrylic light panel, fluorescent light cover, LED diffuser sheet, prismatic lens, Plastic-Craft",https://plastic-craft.com/acrylic/ | https://plastic-craft.com/store/ | https://plastic-craft.com/capabilities/ | https://plastic-craft.com/resources/glossary/
16,"What Is Acrylic? Properties, Applications, and Buying Guide","What Is Acrylic? Properties, Uses & Buying Guide","Acrylic (PMMA) offers 92% light transmission, is 17x stronger than glass, and weighs half as much. Explore grades, colors, and applications. Shop now.",what-is-acrylic,what is acrylic,"acrylic plastic properties, PMMA plastic, plexiglass material, acrylic sheet grades, cast vs extruded acrylic, acrylic applications, Plastic-Craft",https://plastic-craft.com/acrylic/ | https://plastic-craft.com/polycarbonate/ | https://plastic-craft.com/product-category/petg/ | https://plastic-craft.com/store/ | https://plastic-craft.com/capabilities/ | https://plastic-craft.com/resources/glossary/
17,What Is Delrin (Acetal)? Precision Machining and Low-Friction Applications,What Is Delrin (Acetal)? Properties & Machining Guide,"Delrin (acetal) offers low friction, dimensional stability, and excellent machinability for gears, bearings, and bushings. Buy sheets and rods online.",what-is-delrin-acetal,what is Delrin,"acetal plastic, Delrin properties, Delrin vs nylon, acetal machining, POM plastic, low friction plastic, Plastic-Craft",https://plastic-craft.com/acetal/ | https://plastic-craft.com/product-category/nylon/ | https://plastic-craft.com/uhmw/ | https://plastic-craft.com/capabilities/ | https://plastic-craft.com/store/
18,"What Is HDPE? Chemical Resistance, FDA Compliance, and Common Uses","What Is HDPE? Properties, FDA Compliance & Uses","HDPE plastic offers chemical resistance, FDA compliance, and impact strength. Ideal for cutting boards, tanks, and marine applications. Shop HDPE online.",what-is-hdpe,what is HDPE,"HDPE plastic properties, high density polyethylene, HDPE sheet, FDA approved plastic, HDPE cutting boards, chemical resistant plastic, Plastic-Craft",https://plastic-craft.com/polyethylene/ | https://plastic-craft.com/hdpe-sheet | https://plastic-craft.com/industries/food-processing/ | https://plastic-craft.com/uhmw/ | https://plastic-craft.com/store/
19,"What Is Nylon? Grades, Properties, and Machining Characteristics","What Is Nylon? Grades, Properties & Machining Guide","Nylon offers high strength, wear resistance, and machinability. Compare Nylon 6 vs 6/6 grades and find the right type for bearings, gears, and more.",what-is-nylon,what is nylon plastic,"nylon 6 vs 6/6, nylon properties, nylon machining, nylon bearings, cast nylon, nylon grades, Plastic-Craft",https://plastic-craft.com/product-category/nylon/ | https://plastic-craft.com/acetal/ | https://plastic-craft.com/uhmw/ | https://plastic-craft.com/capabilities/ | https://plastic-craft.com/store/
20,What Is PEEK? High-Performance Engineering Properties and Applications,What Is PEEK? High-Performance Plastic Properties & Uses,"PEEK withstands 480°F continuous heat, resists 90%+ of chemicals, and rivals metals in strength. Ideal for aerospace, medical, and semiconductor use.",what-is-peek,what is PEEK plastic,"PEEK properties, PEEK aerospace, PEEK temperature resistance, PEEK vs metal, high performance thermoplastic, PEEK machining, Plastic-Craft",https://plastic-craft.com/peek/ | https://plastic-craft.com/torlon/ | https://plastic-craft.com/industries/industries-aerospace/ | https://plastic-craft.com/capabilities/ | https://plastic-craft.com/store/
21,"What Is PETG? Clarity, Toughness, and Easy Fabrication","What Is PETG? Clear, Tough & Easy to Fabricate","PETG combines optical clarity, impact strength, and FDA compliance. Easy to thermoform and fabricate. Ideal for displays, face shields, and food packaging.",what-is-petg,what is PETG,"PETG plastic properties, PETG vs acrylic, PETG sheet, PETG thermoforming, FDA compliant plastic, clear plastic sheet, Plastic-Craft",https://plastic-craft.com/product-category/petg/ | https://plastic-craft.com/acrylic/ | https://plastic-craft.com/polycarbonate/ | https://plastic-craft.com/industries/food-processing/ | https://plastic-craft.com/store/
22,"What Is Phenolic? Electrical Insulation, Grades, and Applications","What Is Phenolic? Insulation, Grades & Applications","Phenolic laminates (G-10, CE, LE) offer electrical insulation, heat resistance, and structural strength. Compare NEMA grades for your application.",what-is-phenolic,what is phenolic plastic,"phenolic laminate, G-10 fiberglass, NEMA grade laminate, phenolic electrical insulation, phenolic board, CE grade phenolic, Plastic-Craft",https://plastic-craft.com/store/ | https://plastic-craft.com/capabilities/ | https://plastic-craft.com/industries/industries-aerospace/ | https://plastic-craft.com/resources/glossary/ | https://plastic-craft.com/capabilities/drilling-tapping-perforation/
23,"What Is Polycarbonate? Impact Resistance, Grades, and Applications",What Is Polycarbonate? Impact Resistance & Grades,"Polycarbonate is 250x stronger than glass with high clarity. Compare grades (GP, abrasion-resistant, bullet-resistant) for glazing, guards, and more.",what-is-polycarbonate,what is polycarbonate,"polycarbonate properties, Lexan plastic, bullet proof plastic, polycarbonate grades, polycarbonate vs acrylic, impact resistant plastic, Plastic-Craft",https://plastic-craft.com/polycarbonate/ | https://plastic-craft.com/acrylic/ | https://plastic-craft.com/bullet-resistant-plastic/ | https://plastic-craft.com/store/ | https://plastic-craft.com/capabilities/
24,"What Is Polypropylene? Chemical Resistance, Weldability, and Uses",What Is Polypropylene? Chemical Resistance & Uses,"Polypropylene resists acids, bases, and solvents while offering weldability and FDA compliance. Ideal for tanks, cabinets, and chemical processing.",what-is-polypropylene,what is polypropylene plastic,"polypropylene properties, PP plastic, polypropylene chemical resistance, polypropylene welding, polypropylene sheet, FDA plastic, Plastic-Craft",https://plastic-craft.com/polypropylene-stress-released-sheet/ | https://plastic-craft.com/polyethylene/ | https://plastic-craft.com/industries/laboratory-and-research-equipment/ | https://plastic-craft.com/industries/pharmaceuticals/ | https://plastic-craft.com/store/
25,What Is PTFE (Teflon)? The Ultimate Chemical-Resistant Plastic,What Is PTFE (Teflon)? Chemical Resistance & Properties,"PTFE (Teflon) resists virtually all chemicals, operates from -100°F to +500°F, and has the lowest friction of any plastic. Buy sheets and rods online.",what-is-ptfe-teflon,what is PTFE Teflon,"PTFE properties, Teflon plastic, PTFE chemical resistance, PTFE temperature range, PTFE seals, non-stick plastic, Plastic-Craft",https://plastic-craft.com/product-category/teflon/ | https://plastic-craft.com/peek/ | https://plastic-craft.com/capabilities/ | https://plastic-craft.com/store/ | https://plastic-craft.com/resources/glossary/
26,PVC vs. CPVC: Which Is Right for Your Application?,PVC vs CPVC: Compare Properties & Applications,"PVC handles up to 140°F; CPVC handles 200°F with better chemical resistance. Compare both for piping, chemical processing, and construction use.",pvc-vs-cpvc,PVC vs CPVC,"PVC properties, CPVC properties, PVC temperature limit, CPVC chemical resistance, PVC pipe material, chlorinated PVC, Plastic-Craft",https://plastic-craft.com/pvc-type-1-sheet/ | https://plastic-craft.com/cpvc-sheet/ | https://plastic-craft.com/polypropylene-stress-released-sheet/ | https://plastic-craft.com/store/ | https://plastic-craft.com/resources/glossary/
27,What Is Torlon? The Strongest Thermoplastic for Extreme Conditions,What Is Torlon? Strongest Thermoplastic Properties,"Torlon (PAI) is the highest-strength unreinforced thermoplastic, operating up to 500°F. Ideal for aerospace bearings, seals, and defense applications.",what-is-torlon,what is Torlon,"Torlon properties, PAI plastic, Torlon 4203, high temperature plastic, Torlon bearings, aerospace plastic, Plastic-Craft",https://plastic-craft.com/torlon/ | https://plastic-craft.com/peek/ | https://plastic-craft.com/industries/industries-aerospace/ | https://plastic-craft.com/capabilities/ | https://plastic-craft.com/store/
28,What Is UHMW Polyethylene? The Self-Lubricating Industrial Workhorse,What Is UHMW? Self-Lubricating Industrial Plastic,"UHMW polyethylene offers extreme wear resistance, low friction, and FDA compliance. Ideal for conveyor parts, liners, and food processing. Shop online.",what-is-uhmw-polyethylene,what is UHMW,"UHMW polyethylene properties, UHMW wear resistance, UHMW food grade, self lubricating plastic, UHMW conveyor, UHMW vs nylon, Plastic-Craft",https://plastic-craft.com/uhmw/ | https://plastic-craft.com/product-category/nylon/ | https://plastic-craft.com/acetal/ | https://plastic-craft.com/industries/food-processing/ | https://plastic-craft.com/store/
29,What Is Ultem (PEI)? High-Temperature Aerospace-Grade Plastic,What Is Ultem (PEI)? Aerospace Plastic Properties,"Ultem (PEI) offers 340°F continuous use, inherent flame retardance, and aerospace certification. Ideal for aircraft interiors, connectors, and medical devices.",what-is-ultem-pei,what is Ultem PEI,"Ultem properties, PEI plastic, Ultem aerospace, Ultem flame retardant, high temperature plastic, Ultem 1000, Plastic-Craft",https://plastic-craft.com/industries/industries-aerospace/ | https://plastic-craft.com/peek/ | https://plastic-craft.com/torlon/ | https://plastic-craft.com/capabilities/ | https://plastic-craft.com/store/
30,"Edge-Lit Frosted Acrylic: How It Works, What It Can Do, and Why It Looks So Good",Edge-Lit Frosted Acrylic: How It Works & Design Ideas,"Edge-lit frosted acrylic creates stunning uniform glow effects for signage, displays, and architectural features. Learn how it works and get custom pieces.",edge-lit-frosted-acrylic,edge lit acrylic,"frosted acrylic LED, acrylic light guide, edge lit sign, acrylic display lighting, LED acrylic panel, illuminated acrylic, Plastic-Craft",https://plastic-craft.com/acrylic/ | https://plastic-craft.com/capabilities/ | https://plastic-craft.com/capabilities/cnc-routing/ | https://plastic-craft.com/store/ | https://plastic-craft.com/product-category/custom-fabrication/
31,"What Is Acrylic Plastic? Properties, Uses, and Grades Explained","What Is Acrylic Plastic? Properties, Uses & Grades","Acrylic plastic (PMMA/Plexiglass) is lightweight, shatter-resistant, and 92% optically clear. Compare cast vs extruded grades and buy online.",what-is-acrylic-plastic,acrylic plastic,"PMMA properties, plexiglass uses, acrylic grades, cast acrylic vs extruded, acrylic sheet applications, clear acrylic, Plastic-Craft",https://plastic-craft.com/acrylic/ | https://plastic-craft.com/polycarbonate/ | https://plastic-craft.com/product-category/petg/ | https://plastic-craft.com/store/ | https://plastic-craft.com/capabilities/ | https://plastic-craft.com/resources/glossary/
32,Plastic-Craft Achieves ISO 9001:2015 & AS9100:2016 Certification,ISO 9001 & AS9100 Certified Plastic Fabricator | Plastic-Craft,Plastic-Craft is ISO 9001:2015 and AS9100:2016 certified for quality management and aerospace fabrication. Trusted by NASA and Boeing since 1934.,iso-as9100-certification,ISO 9001 plastic fabricator,"AS9100 certified, aerospace plastic supplier, ISO certified machining, quality management plastics, certified plastic manufacturer, Plastic-Craft",https://plastic-craft.com/about/ | https://plastic-craft.com/industries/industries-aerospace/ | https://plastic-craft.com/capabilities/ | https://plastic-craft.com/product-category/custom-fabrication/ | https://plastic-craft.com/store/
33,"Bullet Resistant Plastic: How It Works, Where It's Used, and Why It's Replacing Glass",Bullet Resistant Plastic: How It Works & Where It's Used,"Bullet resistant acrylic and polycarbonate stop threats while maintaining clarity. Used in banks, schools, government buildings, and vehicles. Get a quote.",bullet-resistant-plastic,bullet resistant plastic,"bulletproof glass alternative, ballistic glazing, bullet proof acrylic, bullet resistant polycarbonate, UL 752 rated, security glazing, Plastic-Craft",https://plastic-craft.com/bullet-resistant-plastic/ | https://plastic-craft.com/polycarbonate/ | https://plastic-craft.com/acrylic/ | https://plastic-craft.com/capabilities/ | https://plastic-craft.com/about/
34,Custom Acrylic Aquariums and Lobster Tanks: From Concept to Installation,Custom Acrylic Aquariums & Lobster Tanks | Plastic-Craft,"Custom-built acrylic aquariums and lobster tanks with crystal-clear panels, watertight seams, and filtration cutouts. Designed and fabricated to order.",custom-acrylic-aquariums-lobster-tanks,custom acrylic aquarium,"acrylic lobster tank, acrylic fish tank custom, restaurant lobster tank, acrylic aquarium fabrication, clear aquarium panels, Plastic-Craft",https://plastic-craft.com/acrylic/ | https://plastic-craft.com/capabilities/ | https://plastic-craft.com/product-category/custom-fabrication/ | https://plastic-craft.com/industries/food-processing/ | https://plastic-craft.com/store/
35,"FDA and USDA Cutting Boards: What ""Approved"" Actually Means and How to Choose",FDA & USDA Cutting Boards: What Approved Means,"FDA and USDA don't actually ""approve"" cutting boards. Learn what compliant really means and which HDPE and polypropylene boards meet food safety standards.",fda-usda-cutting-boards,FDA approved cutting boards,"USDA cutting board material, HDPE cutting board, food safe plastic, commercial cutting boards, NSF certified, food grade plastic, Plastic-Craft",https://plastic-craft.com/hdpe-sheet | https://plastic-craft.com/polyethylene/ | https://plastic-craft.com/industries/food-processing/ | https://plastic-craft.com/polypropylene-stress-released-sheet/ | https://plastic-craft.com/store/
36,"Custom Replica Pill Bottles for Film, Television, and Pharmaceutical Marketing",Custom Replica Pill Bottles for Film & Pharma Marketing,"Custom-fabricated acrylic pill bottle replicas for film props, trade show displays, and pharmaceutical marketing. Any size, branded to spec. Get a quote.",custom-replica-pill-bottles,custom replica pill bottles,"acrylic pill bottle prop, pharmaceutical display model, oversized pill bottle, film prop bottles, trade show pharma display, Plastic-Craft",https://plastic-craft.com/acrylic/ | https://plastic-craft.com/industries/pharmaceuticals/ | https://plastic-craft.com/capabilities/ | https://plastic-craft.com/product-category/custom-fabrication/ | https://plastic-craft.com/capabilities/cnc-routing/
37,"Clear Acrylic Guitar Display Cases: Protect, Preserve, and Showcase",Acrylic Guitar Display Cases: Custom Built | Plastic-Craft,"Custom clear acrylic guitar display cases protect instruments from dust, UV, and humidity while showcasing them beautifully. Built to your specs.",acrylic-guitar-display-cases,acrylic guitar display case,"clear guitar case, guitar wall display, acrylic instrument case, custom display case, UV protection display, Plastic-Craft",https://plastic-craft.com/acrylic/ | https://plastic-craft.com/capabilities/ | https://plastic-craft.com/product-category/custom-fabrication/ | https://plastic-craft.com/capabilities/cnc-routing/ | https://plastic-craft.com/store/
38,"Clear Plastic Machine Guards: Visibility, Compliance, and Injury Prevention",Clear Plastic Machine Guards: OSHA Compliant Safety,Clear polycarbonate and acrylic machine guards provide OSHA-compliant safety without blocking visibility. Custom fabricated to fit your equipment.,clear-plastic-machine-guards,clear plastic machine guards,"polycarbonate machine guard, OSHA machine guarding, safety shield plastic, CNC machine guard, industrial safety guard, transparent guard, Plastic-Craft",https://plastic-craft.com/polycarbonate/ | https://plastic-craft.com/acrylic/ | https://plastic-craft.com/capabilities/ | https://plastic-craft.com/product-category/custom-fabrication/ | https://plastic-craft.com/industries/laboratory-and-research-equipment/
39,Catamaran Boat Windows: Custom Acrylic and Polycarbonate Glazing Built for the Sea,Catamaran Windows: Custom Acrylic & Polycarbonate Glazing,"Custom acrylic and polycarbonate catamaran windows built for salt, UV, and impact. Precision-cut marine glazing with optical clarity. Get a quote.",catamaran-boat-windows,catamaran boat windows,"marine plastic windows, boat windshield acrylic, polycarbonate boat windows, marine glazing, custom boat windows, yacht windows, Plastic-Craft",https://plastic-craft.com/industries/boats-docks-marinas/ | https://plastic-craft.com/acrylic/ | https://plastic-craft.com/polycarbonate/ | https://plastic-craft.com/capabilities/ | https://plastic-craft.com/product-category/custom-fabrication/
40,Pharmaceutical Filter Screen Cabinets on Casters: Protect Critical Equipment,Pharma Filter Screen Cabinets on Casters | Plastic-Craft,Custom pharmaceutical filter screen cabinets on casters protect critical equipment in cleanrooms and production floors. Fabricated to GMP standards.,pharmaceutical-filter-screen-cabinets,pharmaceutical filter screen cabinet,"cleanroom cabinets, pharmaceutical equipment enclosure, mobile filter cabinet, GMP plastic cabinet, pharma production equipment, Plastic-Craft",https://plastic-craft.com/industries/pharmaceuticals/ | https://plastic-craft.com/polycarbonate/ | https://plastic-craft.com/polypropylene-stress-released-sheet/ | https://plastic-craft.com/capabilities/ | https://plastic-craft.com/product-category/custom-fabrication/
41,Custom 3D Printed Organizational Items and Small Parts — Designed Your Way,Custom 3D Printing: Organizational Items & Small Parts,"Custom 3D printed organizers, brackets, jigs, and small parts designed to your exact specs. Fast prototyping and functional end-use parts. Get a quote.",custom-3d-printing,custom 3D printing,"3D printed organizer, custom 3D printed parts, 3D printing service, rapid prototyping, 3D printed jigs, additive manufacturing, Plastic-Craft",https://plastic-craft.com/capabilities/ | https://plastic-craft.com/product-category/custom-fabrication/ | https://plastic-craft.com/about/ | https://plastic-craft.com/store/
